{
  "episode": 400,
  "avg_score_last_50": 4.82,
  "total_q_states": 5724,
  "attention_status": {
    "active_gates": {
      "visual": "open",
      "audio": "open",
      "text": "closed",
      "tactile": "closed"
    },
    "modality_weights": {
      "visual": 0.563317959975626,
      "audio": 0.9974621933472957,
      "text": 0.468341020012187,
      "tactile": 0.468341020012187
    },
    "performance_trend": 0.5,
    "temporal_buffer_size": 100,
    "recent_performance": 0.030746173030615755
  },
  "timestamp": "2025-11-17T04:37:18"
}