{
  "episode": 60,
  "avg_score_last_20": 0.6,
  "total_q_states": 5713,
  "attention_status": {
    "active_gates": {
      "visual": "open",
      "audio": "filtering",
      "text": "closed",
      "tactile": "closed"
    },
    "modality_weights": {
      "visual": 0.5034886595933282,
      "audio": 0.4988332428165492,
      "text": 0.4982556702033358,
      "tactile": 0.4982556702033358
    },
    "performance_trend": 0.43693026999363593,
    "temporal_buffer_size": 100,
    "recent_performance": 0.012595073736521394
  },
  "timestamp": "2025-11-17T04:34:33"
}