{
  "iterations": 100,
  "start_time": 1763441177.078082,
  "latencies": [
    0.0024633407592773438,
    0.0023148059844970703,
    0.001983642578125,
    0.0019567012786865234,
    0.0021622180938720703,
    0.0019447803497314453,
    0.0018527507781982422,
    0.0018990039825439453,
    0.001934051513671875,
    0.0020809173583984375,
    0.0018482208251953125,
    0.0021181106567382812,
    0.0020966529846191406,
    0.0025551319122314453,
    0.0020415782928466797,
    0.0027964115142822266,
    0.0020079612731933594,
    0.0022325515747070312,
    0.001986980438232422,
    0.0019495487213134766,
    0.0019369125366210938,
    0.002034425735473633,
    0.0019464492797851562,
    0.0022156238555908203,
    0.002268075942993164,
    0.0020008087158203125,
    0.0020465850830078125,
    0.0021581649780273438,
    0.002044200897216797,
    0.0026040077209472656,
    0.001840829849243164,
    0.0017399787902832031,
    0.0019197463989257812,
    0.0020265579223632812,
    0.0019986629486083984,
    0.0018570423126220703,
    0.0018610954284667969,
    0.0022950172424316406,
    0.0020189285278320312,
    0.002777099609375,
    0.001994609832763672,
    0.0018603801727294922,
    0.0017809867858886719,
    0.0018002986907958984,
    0.002180337905883789,
    0.0018970966339111328,
    0.0020275115966796875,
    0.0020699501037597656,
    0.002142190933227539,
    0.0019123554229736328,
    0.0021979808807373047,
    0.002037525177001953,
    0.0019779205322265625,
    0.0017359256744384766,
    0.002414703369140625,
    0.0019638538360595703,
    0.002287149429321289,
    0.0021882057189941406,
    0.0018992424011230469,
    0.0017888545989990234,
    0.002240419387817383,
    0.0020415782928466797,
    0.002251148223876953,
    0.0019228458404541016,
    0.0018329620361328125,
    0.0022852420806884766,
    0.002703428268432617,
    0.0019767284393310547,
    0.0018227100372314453,
    0.002393960952758789,
    0.001966714859008789,
    0.0033435821533203125,
    0.0019741058349609375,
    0.0022809505462646484,
    0.0022580623626708984,
    0.0020189285278320312,
    0.0022509098052978516,
    0.002186298370361328,
    0.002547025680541992,
    0.0022630691528320312,
    0.0019829273223876953,
    0.0019505023956298828,
    0.0019826889038085938,
    0.0023517608642578125,
    0.002038240432739258,
    0.0021419525146484375,
    0.0022296905517578125,
    0.0025610923767089844,
    0.002232074737548828,
    0.0020215511322021484,
    0.002207517623901367,
    0.002201557159423828,
    0.003362894058227539,
    0.0021696090698242188,
    0.002111196517944336,
    0.002848386764526367,
    0.0024785995483398438,
    0.002210855484008789,
    0.00237274169921875,
    0.002225637435913086
  ],
  "detections_per_frame": [
    4,
    2,
    0,
    1,
    3,
    1,
    1,
    0,
    1,
    1,
    1,
    1,
    3,
    1,
    3,
    1,
    2,
    1,
    0,
    3,
    3,
    3,
    0,
    2,
    1,
    0,
    1,
    2,
    3,
    2,
    1,
    0,
    0,
    0,
    3,
    0,
    1,
    1,
    1,
    3,
    0,
    0,
    0,
    1,
    1,
    3,
    1,
    2,
    0,
    1,
    3,
    1,
    2,
    0,
    1,
    2,
    0,
    3,
    3,
    0,
    1,
    3,
    3,
    1,
    0,
    1,
    1,
    0,
    0,
    1,
    0,
    1,
    1,
    2,
    0,
    0,
    2,
    0,
    0,
    0,
    2,
    1,
    2,
    2,
    2,
    1,
    2,
    3,
    1,
    0,
    1,
    1,
    2,
    1,
    2,
    1,
    1,
    0,
    2,
    2
  ],
  "f1_scores": [
    0,
    0.6666666666666666,
    0.8,
    0.8571428571428571,
    0.888888888888889,
    0.9090909090909091,
    0.923076923076923,
    0.9333333333333333,
    0.9411764705882353,
    0.9473684210526316,
    0.9,
    0.9090909090909091,
    0.9166666666666666,
    0.923076923076923,
    0.9285714285714286,
    0.9333333333333333,
    0.9375,
    0.9411764705882353,
    0.9444444444444444,
    0.9473684210526316,
    0.923076923076923,
    0.9268292682926829,
    0.9302325581395349,
    0.9333333333333333,
    0.9361702127659575,
    0.9387755102040816,
    0.9411764705882353,
    0.9433962264150945,
    0.9454545454545454,
    0.9473684210526316,
    0.9310344827586207,
    0.9333333333333333,
    0.9354838709677419,
    0.9375,
    0.9393939393939393,
    0.9411764705882353,
    0.9428571428571428,
    0.9444444444444444,
    0.945945945945946,
    0.9473684210526316,
    0.9350649350649352,
    0.9367088607594937,
    0.9382716049382717,
    0.9397590361445783,
    0.9411764705882353,
    0.9425287356321839,
    0.9438202247191011,
    0.945054945054945,
    0.9462365591397849,
    0.9473684210526316,
    0.9375,
    0.9387755102040816,
    0.9400000000000001,
    0.9411764705882353,
    0.9423076923076923,
    0.9433962264150945,
    0.9444444444444444,
    0.9454545454545454,
    0.9464285714285715,
    0.9473684210526316,
    0.9391304347826086,
    0.9401709401709402,
    0.9411764705882353,
    0.9421487603305785,
    0.9430894308943091,
    0.944,
    0.9448818897637796,
    0.9457364341085273,
    0.9465648854961832,
    0.9473684210526316,
    0.9402985074626865,
    0.9411764705882353,
    0.9420289855072463,
    0.9428571428571428,
    0.9436619718309859,
    0.9444444444444444,
    0.9452054794520548,
    0.945945945945946,
    0.9466666666666668,
    0.9473684210526316,
    0.9411764705882353,
    0.9419354838709678,
    0.9426751592356688,
    0.9433962264150945,
    0.9440993788819877,
    0.9447852760736196,
    0.9454545454545454,
    0.9461077844311377,
    0.9467455621301775,
    0.9473684210526316,
    0.9418604651162791,
    0.9425287356321839,
    0.9431818181818181,
    0.9438202247191011,
    0.9444444444444444,
    0.945054945054945,
    0.9456521739130436,
    0.9462365591397849,
    0.9468085106382979,
    0.9473684210526316
  ],