{
  "test_type": "SIMULATED",
  "iterations": 30,
  "start_time": 1763488299.206225,
  "latencies": [
    30.57764458656311,
    0.03712034225463867,
    0.023317337036132812,
    0.025150775909423828,
    0.025980472564697266,
    0.025780677795410156,
    0.030385494232177734,
    0.021257400512695312,
    0.035410404205322266,
    0.02936267852783203,
    0.016922473907470703,
    0.022110939025878906,
    0.013478755950927734,
    0.01826763153076172,
    0.014971733093261719,
    0.01353311538696289,
    0.03740262985229492,
    0.09425568580627441,
    0.05666327476501465,
    0.017031431198120117,
    0.025142431259155273,
    0.017291784286499023,
    0.012877702713012695,
    0.01666569709777832,
    0.03962826728820801,
    0.01317286491394043,
    0.020890235900878906,
    0.014426708221435547,
    0.010768413543701172,
    0.009766101837158203
  ],
  "detections_per_frame": [
    0,
    0,
    0,
    0,
    0,
    0,
    0,
    0,
    0,
    0,
    0,
    0,
    0,
    0,
    0,
    0,
    0,
    0,
    0,
    0,
    0,
    0,
    0,
    0,
    0,
    0,
    0,
    0,
    0,
    0
  ],
  "f1_scores": [
    0,
    0.6666666666666666,
    0.8,
    0.8571428571428571,
    0.888888888888889,
    0.9090909090909091,
    0.923076923076923,
    0.9333333333333333,
    0.9411764705882353,
    0.9473684210526316,
    0.9,
    0.9090909090909091,
    0.9166666666666666,
    0.923076923076923,
    0.9285714285714286,
    0.9333333333333333,
    0.9375,
    0.9411764705882353,
    0.9444444444444444,
    0.9473684210526316,
    0.923076923076923,
    0.9268292682926829,
    0.9302325581395349,
    0.9333333333333333,
    0.9361702127659575,
    0.9387755102040816,
    0.9411764705882353,
    0.9433962264150945,
    0.9454545454545454,
    0.9473684210526316
  ],
  "throughput_history": [
    0.03270207797598508,
    0.0653188830944168,
    0.09789659186071478,
    0.13041574694251226,
    0.1628731923648034,
    0.19527630560593962,
    0.22754120372709008,
    0.2598473815493868,
    0.29197927123725875,
    0.32409067300880207,
    0.3562713722523141,
    0.38834788331254266,
    0.4205048610824267,
    0.45256498061435724,
    0.48462991428202984,
    0.516671467381122,
    0.5482645817155088,
    0.5787325632963368,
    0.6097532732630456,
    0.6414782601048635,
    0.672983206941709,
    0.7045569876900288,
    0.7362233294645654,
    0.7677715816282227,
    0.7987000041086081,
    0.830169967729219,
    0.8614778414280134,
    0.8929360505011529,
    0.9244811288137251,
    0.9560147840442623
  ],
  "yolo_inference_times": [
    30.573453426361084,
    0.02790522575378418,
    0.0214998722076416,
    0.020381450653076172,
    0.02427363395690918,
    0.024175643920898438,
    0.025001049041748047,
    0.018484115600585938,
    0.0335841178894043,
    0.02682948112487793,
    0.014089584350585938,
    0.019907474517822266,
    0.011613130569458008,
    0.016244173049926758,
    0.012687444686889648,
    0.011778593063354492,
    0.03528094291687012,
    0.09212851524353027,
    0.05496573448181152,
    0.015405893325805664,
    0.023181676864624023,
    0.015316963195800781,
    0.010532379150390625,
    0.01342916488647461,
    0.03653836250305176,
    0.011146306991577148,
    0.015111684799194336,
    0.012746810913085938,
    0.008883953094482422,
    0.007915496826171875
  ],
  "detected_classes": [],
  "end_time": 1763488330.586669,
  "total_time": 31.380444049835205,
  "avg_latency": 1.0438892682393393,
  "avg_detections": 0.0,
  "final_f1": 0.9473684210526316,
  "avg_throughput": 0.49768251223403215,
  "avg_yolo_time": 1.0411497433980306
}