{
  "test_type": "YOLOv8_REAL",
  "iterations": 30,
  "start_time": 1763488330.7893023,
  "latencies": [
    0.07283973693847656,
    0.011645793914794922,
    0.012036800384521484,
    0.013330221176147461,
    0.010272741317749023,
    0.01314997673034668,
    0.009284496307373047,
    0.009570598602294922,
    0.013219118118286133,
    0.010560750961303711,
    0.012544870376586914,
    0.010264873504638672,
    0.009729862213134766,
    0.011397361755371094,
    0.011688232421875,
    0.011141300201416016,
    0.01040029525756836,
    0.013784646987915039,
    0.011962652206420898,
    0.015005350112915039,
    0.02834939956665039,
    0.009804725646972656,
    0.009673595428466797,
    0.014522790908813477,
    0.016450166702270508,
    0.011498689651489258,
    0.013988256454467773,
    0.01654195785522461,
    0.0101165771484375,
    0.020566940307617188
  ],
  "detections_per_frame": [
    0,
    0,
    0,
    0,
    0,
    0,
    0,
    0,
    0,
    0,
    0,
    0,
    0,
    0,
    0,
    0,
    0,
    0,
    0,
    0,
    0,
    0,
    0,
    0,
    0,
    0,
    0,
    0,
    0,
    0
  ],
  "f1_scores": [
    0,
    0.6666666666666666,
    0.8,
    0.8571428571428571,
    0.888888888888889,
    0.9090909090909091,
    0.923076923076923,
    0.9333333333333333,
    0.9411764705882353,
    0.9473684210526316,
    0.9,
    0.9090909090909091,
    0.9166666666666666,
    0.923076923076923,
    0.9285714285714286,
    0.9333333333333333,
    0.9375,
    0.9411764705882353,
    0.9444444444444444,
    0.9473684210526316,
    0.923076923076923,
    0.9268292682926829,
    0.9302325581395349,
    0.9333333333333333,
    0.9361702127659575,
    0.9387755102040816,
    0.9411764705882353,
    0.9433962264150945,
    0.9454545454545454,
    0.9473684210526316
  ],
  "throughput_history": [
    13.444531703267291,
    21.951202152045806,
    28.563381049018673,
    32.88940816686597,
    37.36686901874979,
    40.41027814977889,
    44.06918952670858,
    47.149857726004875,
    48.894286365614576,
    51.00214256704338,
    52.31181176641329,
    54.079288622232056,
    55.828486416585356,
    56.94405697484077,
    57.806170873718614,
    58.82206964980511,
    59.92829767491898,
    60.193128345614205,
    60.811691700980106,
    60.76623068052086,
    58.097796211391156,
    58.77439790672626,
    59.54486434838214,
    59.640519150579976,
    59.49782594756967,
    60.05156690277543,
    60.25070880083508,
    60.10520001883397,
    60.30200674832209,
    59.65854572091667
  ],
  "yolo_inference_times": [
    0.06799554824829102,
    0.009274959564208984,
    0.010266304016113281,
    0.011220455169677734,
    0.008269071578979492,
    0.011148929595947266,
    0.0074901580810546875,
    0.00736236572265625,
    0.011015892028808594,
    0.00868678092956543,
    0.010505914688110352,
    0.008109569549560547,
    0.00751948356628418,
    0.009167671203613281,
    0.00967550277709961,
    0.00929403305053711,
    0.008181333541870117,
    0.011970996856689453,
    0.009848594665527344,
    0.011737346649169922,
    0.022768497467041016,
    0.0076258182525634766,
    0.007339954376220703,
    0.012385368347167969,
    0.014321327209472656,
    0.008937835693359375,
    0.012133121490478516,
    0.009237527847290039,
    0.008067607879638672,
    0.018650054931640625
  ],
  "detected_classes": [],
  "end_time": 1763488331.2921312,
  "total_time": 0.50282883644104,
  "avg_latency": 0.014844759305318197,
  "avg_detections": 0.0,
  "final_f1": 0.9473684210526316,
  "avg_throughput": 51.30519369623532,
  "avg_yolo_time": 0.012340267499287924
}